id;code;firstname;lastname
1;Assistant;Generic heuristic;program orchid Investment Account
2;Security;Team-oriented;pricing structure
3;mission-critical auxiliary;functionalities;sky blue Consultant Malta
4;alarm Licensed Rubber Bacon;Chile dedicated;users
5;mobile azure Soft;Implementation JBOD;Gorgeous Uzbekistan Sum
6;artificial intelligence;bypass Awesome Steel Tuna Spurs;Specialist copying
7;protocol;quantifying Handmade;violet Compatible primary
8;Credit Card Account;Algerian Dinar;Accounts Falkland Islands Pound
9;calculate initiatives Electronics;Cheese benchmark quantifying;Games invoice Pine
10;Nevada connect Handcrafted;FTP Rustic;Re-engineered
